id,domain,target_role,media,query,result_count,found_good,verdict,why,tried_at
LI-001,社会インフラ×AI,全般,LinkedIn,Forward Deployed Engineer,,3,効いた,顧客の現場に入って作り切る役割。仕事の形が求人と一致する人が並ぶ。今回いちばん筋が良かった,2026-08-25
LI-002,社会インフラ×AI,数理最適化,LinkedIn,電力 需給 最適化 エンジニア,,3,効いた,ドメイン＋技術者。事業会社に在籍している人が並ぶ,2026-08-25
LI-003,社会インフラ×AI,数理最適化,LinkedIn,Gurobi,,2,効いた,ソルバーの実務者が拾える。GitHubのユーザー検索では0件だった語,2026-08-25
LI-004,社会インフラ×AI,数理最適化,LinkedIn,数理最適化,,2,効いた,肩書きに掲げている人が拾える,2026-08-25
LI-005,社会インフラ×AI,上流工程,LinkedIn,製造業 DX 要件定義,,1,効いた,製造現場を分かっている上流工程の人,2026-08-25
LI-006,社会インフラ×AI,上流工程,LinkedIn,要件定義 AI プロジェクトマネージャー,,1,効いた,AI導入の上流を回している人,2026-08-25
LI-007,社会インフラ×AI,Webエンジニア,LinkedIn,テックリード TypeScript React AWS,,1,効いた,Web系の技術リード,2026-08-25
LI-008,社会インフラ×AI,数理最適化,LinkedIn,オペレーションズリサーチ,,0,空振り,学術用語は肩書きに出ない。スキル欄マッチで不動産・クラウド・人事など無関係が並ぶ,2026-08-25
LI-009,社会インフラ×AI,数理最適化,LinkedIn,構造計画研究所,,0,空振り,社名で引くと、その会社の別部門の人ばかり出る。狙った部門に当たらない,2026-08-25
LI-010,社会インフラ×AI,数理最適化,LinkedIn,物流 最適化 エンジニア,,0,空振り,営業・マーケが混ざる。「物流」が広すぎる,2026-08-25
LI-011,社会インフラ×AI,上流工程,LinkedIn,プラント DX 要件定義 エネルギー,4,0,空振り,4語。抽象語ばかり重ねた結果、実在しない組み合わせになり4件しか出ない,2026-08-25
LI-012,社会インフラ×AI,AIアーキテクト,LinkedIn,ソフトウェアアーキテクト Python,,0,空振り,海外・無関係が混在。役割名が一般的すぎる,2026-08-25
GH-001,社会インフラ×AI,Webエンジニア,GitHub,location:Japan language:TypeScript language:Python AWS,94,2,効いた,スタックが一致する日本在住のエンジニアが並ぶ,2026-08-24
GH-002,社会インフラ×AI,数理最適化,GitHub,location:Japan AtCoder (Python OR C++),39,1,効いた,プロフィールに競技プログラミングのレートが書いてある。要件をプロフィールだけで判定できる,2026-08-24
GH-003,社会インフラ×AI,数理最適化,GitHub,location:Japan (gurobi OR pyomo OR ortools OR 数理最適化),0,0,空振り,0件の原因はlocation:Japanの絞り込み。gurobi単体なら世界で51件ヒットし、bioも検索対象に入っている。locationは自己申告のため、書いていない実力者が丸ごと落ちる,2026-08-24
LI-013,社会インフラ×AI,数理最適化,LinkedIn,デジタルツイン シミュレーション,,,未着手,プラント系に効くと予想,
LI-014,社会インフラ×AI,数理最適化,LinkedIn,生産計画 スケジューリング,,,未着手,運転計画の最適化に直結,
LI-015,社会インフラ×AI,数理最適化,LinkedIn,系統 需給 運用,,,未着手,電力会社の中の人,
GH-004,社会インフラ×AI,数理最適化,GitHub コード検索,"import gurobipy",,,未着手,ユーザー検索では引けないソルバー実務者を、コードから所有者を辿って探す。8/24に「次回の宿題」と書いたまま未実施,
GH-005,社会インフラ×AI,数理最適化,GitHub,gurobi,51,,未着手,location絞り込みを外すと世界で51件。bioにライブラリ名を書く人は実在した。日本在住者が含まれるかは中身を見て要確認,2026-09-03
GH-006,社会インフラ×AI,数理最適化,GitHub,"AtCoder（in:login/name/emailとの件数比較）",198,,効いた,全体198件に対しin:login35・in:name7・in:email0。合計42では198に届かず、bioが検索対象に含まれていることが分かる。公式ドキュメントの記述と実挙動が異なる,2026-09-03
LI-016,社会インフラ×AI,数理最適化,LinkedIn,需給予測 電力 機械学習,,,未着手,電力の需給予測は運用計画と最適化に直結する。数理最適化という語を使わずに実務で予測モデルを扱う人を拾える,
LI-017,社会インフラ×AI,上流工程,LinkedIn,SCADA データ分析 エネルギー,,,未着手,現場設備の監視データとエネルギー業務の両方に触れる語。社会インフラの運用理解があるデータ活用人材に当たりやすい,
GH-007,社会インフラ×AI,数理最適化,GitHub コード検索,"from ortools.linear_solver import pywraplp",,,未着手,プロフィールにライブラリ名を書かない実務者でもコード上の利用実績から辿れる。Gurobiの検索とは別のソルバー利用者を補完できる,
